<beans xmlns="http://www.springframework.org/schema/beans" xmlns:xsi="http://www.w3.org/2001/XMLSchema-instance" xmlns:context="http://www.springframework.org/schema/context" xsi:schemaLocation="http://www.springframework.org/schema/beans
      http://www.springframework.org/schema/beans/spring-beans-3.0.xsd
      http://www.springframework.org/schema/context
      http://www.springframework.org/schema/context/spring-context-3.0.xsd">

	<bean id="foo" class="com.spring.demo.beans.Foo" scope="prototype">
		<constructor-arg index="0" value="Akash" />
	</bean>
	
	<bean id="bar" class="com.spring.demo.beans.Bar">
		<constructor-arg type="int" value="26" />
		<constructor-arg type="java.lang.String" value="Arthur" />
		<property name="foo" ref="foo"/>
	</bean>

</beans>