{
	"info": {
		"_postman_id": "63324784-ce60-4367-9b4c-2aaea5151be2",
		"name": "hotelreservation",
		"schema": "https://schema.getpostman.com/json/collection/v2.1.0/collection.json"
	},
	"item": [
		{
			"name": "create_customer",
			"request": {
				"method": "POST",
				"header": [],
				"body": {
					"mode": "raw",
					"raw": "{\n    \"name\":\"Arul\",\n    \"userId\":\"asacxb5\",\n    \"email\":\"abc@gmail.com\",\n    \"preference\":\"deluxe\",\n    \"password\":\"test\"\n}",
					"options": {
						"raw": {
							"language": "json"
						}
					}
				},
				"url": {
					"raw": "http://localhost:8081/customer",
					"protocol": "http",
					"host": [
						"localhost"
					],
					"port": "8081",
					"path": [
						"customer"
					]
				}
			},
			"response": []
		},
		{
			"name": "http://localhost:8083/hotel",
			"request": {
				"method": "POST",
				"header": [],
				"body": {
					"mode": "raw",
					"raw": "{\n    \"name\":\"Deluxe\",\n   \n   \"quantity\":10\n}",
					"options": {
						"raw": {
							"language": "json"
						}
					}
				},
				"url": {
					"raw": "http://localhost:8083/hotel",
					"protocol": "http",
					"host": [
						"localhost"
					],
					"port": "8083",
					"path": [
						"hotel"
					]
				}
			},
			"response": []
		},
		{
			"name": "http://localhost:8090/customer/getHotelListing",
			"protocolProfileBehavior": {
				"disableBodyPruning": true
			},
			"request": {
				"method": "GET",
				"header": [],
				"body": {
					"mode": "raw",
					"raw": "{\n    \"id\":1,\n    \"password\":\"Arul\",\n     \n    \"preference\":\"suite\"\n}",
					"options": {
						"raw": {
							"language": "json"
						}
					}
				},
				"url": {
					"raw": "http://localhost:8090/customer/getHotelListing",
					"protocol": "http",
					"host": [
						"localhost"
					],
					"port": "8090",
					"path": [
						"customer",
						"getHotelListing"
					]
				}
			},
			"response": []
		},
		{
			"name": "http://localhost:8081/customer/getHotelListing",
			"protocolProfileBehavior": {
				"disableBodyPruning": true
			},
			"request": {
				"method": "GET",
				"header": [],
				"body": {
					"mode": "raw",
					"raw": "{\n    \"id\":1,\n    \"password\":\"Arul\",\n     \n    \"preference\":\"suite\"\n}",
					"options": {
						"raw": {
							"language": "json"
						}
					}
				},
				"url": {
					"raw": "http://localhost:8081/customer/getHotelListing",
					"protocol": "http",
					"host": [
						"localhost"
					],
					"port": "8081",
					"path": [
						"customer",
						"getHotelListing"
					]
				}
			},
			"response": []
		},
		{
			"name": "http://localhost:8082/notification",
			"protocolProfileBehavior": {
				"disableBodyPruning": true
			},
			"request": {
				"method": "GET",
				"header": [],
				"body": {
					"mode": "raw",
					"raw": "{\n    \"name\":\"Arul\",\n    \"userId\":\"asacxb5\",\n    \"email\":\"abc@gmail.com\",\n    \"preference\":\"deluxe\"\n}",
					"options": {
						"raw": {
							"language": "json"
						}
					}
				},
				"url": {
					"raw": "http://localhost:8082/notification",
					"protocol": "http",
					"host": [
						"localhost"
					],
					"port": "8082",
					"path": [
						"notification"
					]
				}
			},
			"response": []
		},
		{
			"name": "http://localhost:8081/customer",
			"protocolProfileBehavior": {
				"disableBodyPruning": true
			},
			"request": {
				"method": "GET",
				"header": [],
				"body": {
					"mode": "raw",
					"raw": "{\n    \"id\":1,\n    \"password\":\"Arul\",\n     \n    \"preference\":\"suite\"\n}",
					"options": {
						"raw": {
							"language": "json"
						}
					}
				},
				"url": {
					"raw": "http://localhost:8081/customer",
					"protocol": "http",
					"host": [
						"localhost"
					],
					"port": "8081",
					"path": [
						"customer"
					]
				}
			},
			"response": []
		},
		{
			"name": "http://localhost:8081/customer/getHotelListing/true",
			"protocolProfileBehavior": {
				"disableBodyPruning": true
			},
			"request": {
				"method": "GET",
				"header": [],
				"body": {
					"mode": "raw",
					"raw": "{\n    \"id\":1,\n    \"password\":\"Arul\",\n     \n    \"preference\":\"suite\"\n}",
					"options": {
						"raw": {
							"language": "json"
						}
					}
				},
				"url": {
					"raw": "http://localhost:8081/customer/getHotelListing/true",
					"protocol": "http",
					"host": [
						"localhost"
					],
					"port": "8081",
					"path": [
						"customer",
						"getHotelListing",
						"true"
					]
				}
			},
			"response": []
		},
		{
			"name": "http://localhost:8083/hotel",
			"request": {
				"method": "POST",
				"header": [],
				"body": {
					"mode": "raw",
					"raw": "{\n    \"hotelRoomType\":\"Deluxe\",\n    \"accomodationSize\":\"single\",\n    \"totalQuantity\":10,   \n   \"availableQuantity\":10,\n   \"isAirConditioned\":true,\n   \"availableStatus\":\"available\"\n}",
					"options": {
						"raw": {
							"language": "json"
						}
					}
				},
				"url": {
					"raw": "http://localhost:8083/hotel",
					"protocol": "http",
					"host": [
						"localhost"
					],
					"port": "8083",
					"path": [
						"hotel"
					]
				}
			},
			"response": []
		},
		{
			"name": "http://localhost:8084/reservation",
			"request": {
				"method": "POST",
				"header": [],
				"body": {
					"mode": "raw",
					"raw": "{\n    \"customerId\":1,\n    \"email\":\"avc@gmail.com\",\n    \"quantity\":1,   \n   \"roomId\":5\n   \n}",
					"options": {
						"raw": {
							"language": "json"
						}
					}
				},
				"url": {
					"raw": "http://localhost:8084/reservation",
					"protocol": "http",
					"host": [
						"localhost"
					],
					"port": "8084",
					"path": [
						"reservation"
					]
				}
			},
			"response": []
		},
		{
			"name": "http://localhost:8084/reservation",
			"protocolProfileBehavior": {
				"disableBodyPruning": true
			},
			"request": {
				"method": "GET",
				"header": [],
				"body": {
					"mode": "raw",
					"raw": "{\n    \"customerId\":1,\n    \"email\":\"avc@gmail.com\",\n    \"quantity\":1,   \n   \"roomId\":5\n   \n}",
					"options": {
						"raw": {
							"language": "json"
						}
					}
				},
				"url": {
					"raw": "http://localhost:8084/reservation",
					"protocol": "http",
					"host": [
						"localhost"
					],
					"port": "8084",
					"path": [
						"reservation"
					]
				}
			},
			"response": []
		}
	]
}